Component,Element,Property,Value,Location,Priority,Issue
"ActivityLog","spacing","padding","py-12","/Users/griffin/Projects/firefighterHub/src/components/ActivityLog.tsx:151","secondary",""
"ActivityLog","spacing","padding","py-12","/Users/griffin/Projects/firefighterHub/src/components/ActivityLog.tsx:157","secondary",""
"ActivityLog","spacing","padding","py-12","/Users/griffin/Projects/firefighterHub/src/components/ActivityLog.tsx:191","secondary",""
"ActivityLogModal","touchTarget","height","h-100","/Users/griffin/Projects/firefighterHub/src/components/ActivityLogModal.tsx:61","secondary",""
"BattalionChiefLogin","touchTarget","height","h-5","/Users/griffin/Projects/firefighterHub/src/components/BattalionChiefLogin.tsx:142","primary",""
"BattalionChiefLogin","","","","","",⚠️ Touch target below WCAG 44px: h-5 at /Users/griffin/Projects/firefighterHub/src/components/BattalionChiefLogin.tsx:142"
"Breadcrumb","spacing","margin","mb-6","/Users/griffin/Projects/firefighterHub/src/components/Breadcrumb.tsx:18","secondary",""
"Calendar","spacing","padding","px-6","/Users/griffin/Projects/firefighterHub/src/components/Calendar.tsx:200","secondary",""
"Calendar","spacing","padding","py-4","/Users/griffin/Projects/firefighterHub/src/components/Calendar.tsx:200","secondary",""
"CalendarSubscribeModal","touchTarget","height","h-4","/Users/griffin/Projects/firefighterHub/src/components/CalendarSubscribeModal.tsx:210","primary",""
"CalendarSubscribeModal","touchTarget","height","h-4","/Users/griffin/Projects/firefighterHub/src/components/CalendarSubscribeModal.tsx:243","primary",""
"CalendarSubscribeModal","touchTarget","height","h-4","/Users/griffin/Projects/firefighterHub/src/components/CalendarSubscribeModal.tsx:290","primary",""
"CalendarSubscribeModal","touchTarget","height","h-4","/Users/griffin/Projects/firefighterHub/src/components/CalendarSubscribeModal.tsx:295","primary",""
"CalendarSubscribeModal","","","","","",⚠️ Touch target below WCAG 44px: h-4 at /Users/griffin/Projects/firefighterHub/src/components/CalendarSubscribeModal.tsx:210"
"CalendarSubscribeModal","","","","","",⚠️ Touch target below WCAG 44px: h-4 at /Users/griffin/Projects/firefighterHub/src/components/CalendarSubscribeModal.tsx:243"
"CalendarSubscribeModal","","","","","",⚠️ Touch target below WCAG 44px: h-4 at /Users/griffin/Projects/firefighterHub/src/components/CalendarSubscribeModal.tsx:290"
"CalendarSubscribeModal","","","","","",⚠️ Touch target below WCAG 44px: h-4 at /Users/griffin/Projects/firefighterHub/src/components/CalendarSubscribeModal.tsx:295"
"CalendarView","spacing","padding","px-6","/Users/griffin/Projects/firefighterHub/src/components/CalendarView.tsx:115","secondary",""
"CalendarView","spacing","padding","py-4","/Users/griffin/Projects/firefighterHub/src/components/CalendarView.tsx:115","secondary",""
"CalendarView","spacing","padding","p-4","/Users/griffin/Projects/firefighterHub/src/components/CalendarView.tsx:118","secondary",""
"CalendarView","spacing","padding","p-3","/Users/griffin/Projects/firefighterHub/src/components/CalendarView.tsx:119","secondary",""
"CalendarView","touchTarget","height","h-6","/Users/griffin/Projects/firefighterHub/src/components/CalendarView.tsx:120","primary",""
"CalendarView","color","text","text-red-500","/Users/griffin/Projects/firefighterHub/src/components/CalendarView.tsx:120","tertiary",""
"CalendarView","text","fontSize","text-2xl","/Users/griffin/Projects/firefighterHub/src/components/CalendarView.tsx:121","primary",""
"CalendarView","color","text","text-gray-100","/Users/griffin/Projects/firefighterHub/src/components/CalendarView.tsx:121","tertiary",""
"CalendarView","text","fontSize","text-sm","/Users/griffin/Projects/firefighterHub/src/components/CalendarView.tsx:127","tertiary",""
"CalendarView","spacing","padding","px-3","/Users/griffin/Projects/firefighterHub/src/components/CalendarView.tsx:127","secondary",""
"CalendarView","spacing","padding","py-1","/Users/griffin/Projects/firefighterHub/src/components/CalendarView.tsx:127","secondary",""
"CalendarView","color","text","text-gray-300","/Users/griffin/Projects/firefighterHub/src/components/CalendarView.tsx:127","tertiary",""
"CalendarView","spacing","padding","p-2","/Users/griffin/Projects/firefighterHub/src/components/CalendarView.tsx:134","secondary",""
"CalendarView","spacing","padding","p-2","/Users/griffin/Projects/firefighterHub/src/components/CalendarView.tsx:137","secondary",""
"CalendarView","touchTarget","height","h-5","/Users/griffin/Projects/firefighterHub/src/components/CalendarView.tsx:140","primary",""
"CalendarView","color","text","text-gray-300","/Users/griffin/Projects/firefighterHub/src/components/CalendarView.tsx:140","tertiary",""
"CalendarView","spacing","padding","p-2","/Users/griffin/Projects/firefighterHub/src/components/CalendarView.tsx:144","secondary",""
"CalendarView","touchTarget","height","h-5","/Users/griffin/Projects/firefighterHub/src/components/CalendarView.tsx:147","primary",""
"CalendarView","color","text","text-gray-300","/Users/griffin/Projects/firefighterHub/src/components/CalendarView.tsx:147","tertiary",""
"CalendarView","spacing","margin","ml-2","/Users/griffin/Projects/firefighterHub/src/components/CalendarView.tsx:150","secondary",""
"CalendarView","spacing","padding","px-4","/Users/griffin/Projects/firefighterHub/src/components/CalendarView.tsx:150","secondary",""
"CalendarView","spacing","padding","py-2","/Users/griffin/Projects/firefighterHub/src/components/CalendarView.tsx:150","secondary",""
"CalendarView","spacing","padding","p-2","/Users/griffin/Projects/firefighterHub/src/components/CalendarView.tsx:150","secondary",""
"CalendarView","touchTarget","height","h-4","/Users/griffin/Projects/firefighterHub/src/components/CalendarView.tsx:156","primary",""
"CalendarView","spacing","padding","p-6","/Users/griffin/Projects/firefighterHub/src/components/CalendarView.tsx:164","secondary",""
"CalendarView","text","fontSize","text-sm","/Users/griffin/Projects/firefighterHub/src/components/CalendarView.tsx:170","tertiary",""
"CalendarView","spacing","padding","px-3","/Users/griffin/Projects/firefighterHub/src/components/CalendarView.tsx:170","secondary",""
"CalendarView","spacing","padding","py-4","/Users/griffin/Projects/firefighterHub/src/components/CalendarView.tsx:170","secondary",""
"CalendarView","color","text","text-gray-400","/Users/griffin/Projects/firefighterHub/src/components/CalendarView.tsx:170","tertiary",""
"CalendarView","text","fontSize","text-xs","/Users/griffin/Projects/firefighterHub/src/components/CalendarView.tsx:208","tertiary",""
"CalendarView","spacing","padding","p-2","/Users/griffin/Projects/firefighterHub/src/components/CalendarView.tsx:208","secondary",""
"CalendarView","touchTarget","height","h-5","/Users/griffin/Projects/firefighterHub/src/components/CalendarView.tsx:208","primary",""
"CalendarView","color","bg","bg-red-600","/Users/griffin/Projects/firefighterHub/src/components/CalendarView.tsx:208","tertiary",""
"CalendarView","spacing","margin","mt-1","/Users/griffin/Projects/firefighterHub/src/components/CalendarView.tsx:215","secondary",""
"CalendarView","text","fontSize","text-xs","/Users/griffin/Projects/firefighterHub/src/components/CalendarView.tsx:231","tertiary",""
"CalendarView","spacing","padding","px-2","/Users/griffin/Projects/firefighterHub/src/components/CalendarView.tsx:231","secondary",""
"CalendarView","color","text","text-gray-500","/Users/griffin/Projects/firefighterHub/src/components/CalendarView.tsx:231","tertiary",""
"CalendarView","spacing","padding","p-4","/Users/griffin/Projects/firefighterHub/src/components/CalendarView.tsx:244","secondary",""
"CalendarView","spacing","padding","px-6","/Users/griffin/Projects/firefighterHub/src/components/CalendarView.tsx:244","secondary",""
"CalendarView","spacing","padding","pb-6","/Users/griffin/Projects/firefighterHub/src/components/CalendarView.tsx:244","secondary",""
"CalendarView","spacing","padding","p-4","/Users/griffin/Projects/firefighterHub/src/components/CalendarView.tsx:246","secondary",""
"CalendarView","color","border","border-red-900","/Users/griffin/Projects/firefighterHub/src/components/CalendarView.tsx:246","tertiary",""
"CalendarView","spacing","margin","mb-2","/Users/griffin/Projects/firefighterHub/src/components/CalendarView.tsx:247","secondary",""
"CalendarView","touchTarget","height","h-8","/Users/griffin/Projects/firefighterHub/src/components/CalendarView.tsx:248","primary",""
"CalendarView","color","text","text-red-500","/Users/griffin/Projects/firefighterHub/src/components/CalendarView.tsx:248","tertiary",""
"CalendarView","text","fontSize","text-3xl","/Users/griffin/Projects/firefighterHub/src/components/CalendarView.tsx:249","primary",""
"CalendarView","color","text","text-gray-100","/Users/griffin/Projects/firefighterHub/src/components/CalendarView.tsx:249","tertiary",""
"CalendarView","text","fontSize","text-sm","/Users/griffin/Projects/firefighterHub/src/components/CalendarView.tsx:251","tertiary",""
"CalendarView","color","text","text-gray-400","/Users/griffin/Projects/firefighterHub/src/components/CalendarView.tsx:251","tertiary",""
"CalendarView","spacing","padding","p-4","/Users/griffin/Projects/firefighterHub/src/components/CalendarView.tsx:255","secondary",""
"CalendarView","spacing","margin","mb-2","/Users/griffin/Projects/firefighterHub/src/components/CalendarView.tsx:256","secondary",""
"CalendarView","touchTarget","height","h-8","/Users/griffin/Projects/firefighterHub/src/components/CalendarView.tsx:257","primary",""
"CalendarView","color","text","text-blue-400","/Users/griffin/Projects/firefighterHub/src/components/CalendarView.tsx:257","tertiary",""
"CalendarView","text","fontSize","text-3xl","/Users/griffin/Projects/firefighterHub/src/components/CalendarView.tsx:258","primary",""
"CalendarView","color","text","text-gray-100","/Users/griffin/Projects/firefighterHub/src/components/CalendarView.tsx:258","tertiary",""
"CalendarView","text","fontSize","text-sm","/Users/griffin/Projects/firefighterHub/src/components/CalendarView.tsx:260","tertiary",""
"CalendarView","color","text","text-gray-400","/Users/griffin/Projects/firefighterHub/src/components/CalendarView.tsx:260","tertiary",""
"CalendarView","spacing","padding","p-4","/Users/griffin/Projects/firefighterHub/src/components/CalendarView.tsx:264","secondary",""
"CalendarView","color","border","border-emerald-900","/Users/griffin/Projects/firefighterHub/src/components/CalendarView.tsx:264","tertiary",""
"CalendarView","spacing","margin","mb-2","/Users/griffin/Projects/firefighterHub/src/components/CalendarView.tsx:265","secondary",""
"CalendarView","touchTarget","height","h-8","/Users/griffin/Projects/firefighterHub/src/components/CalendarView.tsx:266","primary",""
"CalendarView","color","text","text-emerald-500","/Users/griffin/Projects/firefighterHub/src/components/CalendarView.tsx:266","tertiary",""
"CalendarView","text","fontSize","text-3xl","/Users/griffin/Projects/firefighterHub/src/components/CalendarView.tsx:267","primary",""
"CalendarView","color","text","text-gray-100","/Users/griffin/Projects/firefighterHub/src/components/CalendarView.tsx:267","tertiary",""
"CalendarView","text","fontSize","text-sm","/Users/griffin/Projects/firefighterHub/src/components/CalendarView.tsx:269","tertiary",""
"CalendarView","color","text","text-gray-400","/Users/griffin/Projects/firefighterHub/src/components/CalendarView.tsx:269","tertiary",""
"CalendarView","spacing","padding","p-4","/Users/griffin/Projects/firefighterHub/src/components/CalendarView.tsx:273","secondary",""
"CalendarView","color","border","border-amber-900","/Users/griffin/Projects/firefighterHub/src/components/CalendarView.tsx:273","tertiary",""
"CalendarView","spacing","margin","mb-2","/Users/griffin/Projects/firefighterHub/src/components/CalendarView.tsx:274","secondary",""
"CalendarView","touchTarget","height","h-8","/Users/griffin/Projects/firefighterHub/src/components/CalendarView.tsx:275","primary",""
"CalendarView","color","text","text-amber-500","/Users/griffin/Projects/firefighterHub/src/components/CalendarView.tsx:275","tertiary",""
"CalendarView","text","fontSize","text-3xl","/Users/griffin/Projects/firefighterHub/src/components/CalendarView.tsx:276","primary",""
"CalendarView","color","text","text-gray-100","/Users/griffin/Projects/firefighterHub/src/components/CalendarView.tsx:276","tertiary",""
"CalendarView","text","fontSize","text-sm","/Users/griffin/Projects/firefighterHub/src/components/CalendarView.tsx:278","tertiary",""
"CalendarView","color","text","text-gray-400","/Users/griffin/Projects/firefighterHub/src/components/CalendarView.tsx:278","tertiary",""
"CalendarView","","","","","",⚠️ Touch target below WCAG 44px: h-6 at /Users/griffin/Projects/firefighterHub/src/components/CalendarView.tsx:120"
"CalendarView","","","","","",⚠️ Touch target below WCAG 44px: h-5 at /Users/griffin/Projects/firefighterHub/src/components/CalendarView.tsx:140"
"CalendarView","","","","","",⚠️ Touch target below WCAG 44px: h-5 at /Users/griffin/Projects/firefighterHub/src/components/CalendarView.tsx:147"
"CalendarView","","","","","",⚠️ Touch target below WCAG 44px: h-4 at /Users/griffin/Projects/firefighterHub/src/components/CalendarView.tsx:156"
"CalendarView","","","","","",⚠️ Touch target below WCAG 44px: h-5 at /Users/griffin/Projects/firefighterHub/src/components/CalendarView.tsx:208"
"CalendarView","","","","","",⚠️ Touch target below WCAG 44px: h-8 at /Users/griffin/Projects/firefighterHub/src/components/CalendarView.tsx:248"
"CalendarView","","","","","",⚠️ Touch target below WCAG 44px: h-8 at /Users/griffin/Projects/firefighterHub/src/components/CalendarView.tsx:257"
"CalendarView","","","","","",⚠️ Touch target below WCAG 44px: h-8 at /Users/griffin/Projects/firefighterHub/src/components/CalendarView.tsx:266"
"CalendarView","","","","","",⚠️ Touch target below WCAG 44px: h-8 at /Users/griffin/Projects/firefighterHub/src/components/CalendarView.tsx:275"
"CalendarView","","","","","",⚠️ Hardcoded colors found (22 instances) - should use design tokens"
"ConfirmDialog","spacing","padding","p-4","/Users/griffin/Projects/firefighterHub/src/components/ConfirmDialog.tsx:95","secondary",""
"ConfirmDialog","touchTarget","height","h-5","/Users/griffin/Projects/firefighterHub/src/components/ConfirmDialog.tsx:120","primary",""
"ConfirmDialog","spacing","padding","p-6","/Users/griffin/Projects/firefighterHub/src/components/ConfirmDialog.tsx:124","secondary",""
"ConfirmDialog","spacing","padding","p-4","/Users/griffin/Projects/firefighterHub/src/components/ConfirmDialog.tsx:126","secondary",""
"ConfirmDialog","spacing","margin","mb-4","/Users/griffin/Projects/firefighterHub/src/components/ConfirmDialog.tsx:126","secondary",""
"ConfirmDialog","spacing","margin","mt-1","/Users/griffin/Projects/firefighterHub/src/components/ConfirmDialog.tsx:164","secondary",""
"ConfirmDialog","spacing","padding","p-3","/Users/griffin/Projects/firefighterHub/src/components/ConfirmDialog.tsx:173","secondary",""
"ConfirmDialog","spacing","margin","mt-6","/Users/griffin/Projects/firefighterHub/src/components/ConfirmDialog.tsx:173","secondary",""
"ConfirmDialog","","","","","",⚠️ Touch target below WCAG 44px: h-5 at /Users/griffin/Projects/firefighterHub/src/components/ConfirmDialog.tsx:120"
"ErrorBoundary","spacing","padding","p-8","/Users/griffin/Projects/firefighterHub/src/components/ErrorBoundary.tsx:109","secondary",""
"ErrorBoundary","touchTarget","height","min-h-[400px]","/Users/griffin/Projects/firefighterHub/src/components/ErrorBoundary.tsx:109","secondary",""
"ErrorBoundary","touchTarget","height","h-4","/Users/griffin/Projects/firefighterHub/src/components/ErrorBoundary.tsx:143","primary",""
"ErrorBoundary","touchTarget","height","h-4","/Users/griffin/Projects/firefighterHub/src/components/ErrorBoundary.tsx:150","primary",""
"ErrorBoundary","spacing","margin","mt-4","/Users/griffin/Projects/firefighterHub/src/components/ErrorBoundary.tsx:156","secondary",""
"ErrorBoundary","","","","","",⚠️ Touch target below WCAG 44px: h-4 at /Users/griffin/Projects/firefighterHub/src/components/ErrorBoundary.tsx:143"
"ErrorBoundary","","","","","",⚠️ Touch target below WCAG 44px: h-4 at /Users/griffin/Projects/firefighterHub/src/components/ErrorBoundary.tsx:150"
"FilterPanel","spacing","padding","p-4","/Users/griffin/Projects/firefighterHub/src/components/FilterPanel.tsx:46","secondary",""
"FilterPanel","touchTarget","height","h-5","/Users/griffin/Projects/firefighterHub/src/components/FilterPanel.tsx:86","primary",""
"FilterPanel","spacing","margin","mb-6","/Users/griffin/Projects/firefighterHub/src/components/FilterPanel.tsx:93","secondary",""
"FilterPanel","spacing","margin","mb-6","/Users/griffin/Projects/firefighterHub/src/components/FilterPanel.tsx:115","secondary",""
"FilterPanel","touchTarget","height","h-4","/Users/griffin/Projects/firefighterHub/src/components/FilterPanel.tsx:133","primary",""
"FilterPanel","spacing","margin","mb-6","/Users/griffin/Projects/firefighterHub/src/components/FilterPanel.tsx:142","secondary",""
"FilterPanel","touchTarget","height","h-4","/Users/griffin/Projects/firefighterHub/src/components/FilterPanel.tsx:160","primary",""
"FilterPanel","spacing","margin","mb-6","/Users/griffin/Projects/firefighterHub/src/components/FilterPanel.tsx:169","secondary",""
"FilterPanel","touchTarget","height","h-4","/Users/griffin/Projects/firefighterHub/src/components/FilterPanel.tsx:187","primary",""
"FilterPanel","spacing","margin","mb-6","/Users/griffin/Projects/firefighterHub/src/components/FilterPanel.tsx:196","secondary",""
"FilterPanel","touchTarget","height","h-4","/Users/griffin/Projects/firefighterHub/src/components/FilterPanel.tsx:214","primary",""
"FilterPanel","touchTarget","height","h-4","/Users/griffin/Projects/firefighterHub/src/components/FilterPanel.tsx:230","primary",""
"FilterPanel","","","","","",⚠️ Touch target below WCAG 44px: h-5 at /Users/griffin/Projects/firefighterHub/src/components/FilterPanel.tsx:86"
"FilterPanel","","","","","",⚠️ Touch target below WCAG 44px: h-4 at /Users/griffin/Projects/firefighterHub/src/components/FilterPanel.tsx:133"
"FilterPanel","","","","","",⚠️ Touch target below WCAG 44px: h-4 at /Users/griffin/Projects/firefighterHub/src/components/FilterPanel.tsx:160"
"FilterPanel","","","","","",⚠️ Touch target below WCAG 44px: h-4 at /Users/griffin/Projects/firefighterHub/src/components/FilterPanel.tsx:187"
"FilterPanel","","","","","",⚠️ Touch target below WCAG 44px: h-4 at /Users/griffin/Projects/firefighterHub/src/components/FilterPanel.tsx:214"
"FilterPanel","","","","","",⚠️ Touch target below WCAG 44px: h-4 at /Users/griffin/Projects/firefighterHub/src/components/FilterPanel.tsx:230"
"FirefighterItem","text","fontSize","text-xs","/Users/griffin/Projects/firefighterHub/src/components/FirefighterItem.tsx:90","tertiary",""
"FirefighterItem","spacing","padding","p-3","/Users/griffin/Projects/firefighterHub/src/components/FirefighterItem.tsx:90","secondary",""
"FirefighterItem","spacing","padding","px-4","/Users/griffin/Projects/firefighterHub/src/components/FirefighterItem.tsx:90","secondary",""
"FirefighterItem","spacing","padding","py-1","/Users/griffin/Projects/firefighterHub/src/components/FirefighterItem.tsx:90","secondary",""
"FirefighterItem","spacing","padding","p-1","/Users/griffin/Projects/firefighterHub/src/components/FirefighterItem.tsx:90","secondary",""
"FirefighterItem","color","bg","bg-amber-500","/Users/griffin/Projects/firefighterHub/src/components/FirefighterItem.tsx:90","tertiary",""
"FirefighterItem","color","text","text-gray-900","/Users/griffin/Projects/firefighterHub/src/components/FirefighterItem.tsx:90","tertiary",""
"FirefighterItem","spacing","padding","p-5","/Users/griffin/Projects/firefighterHub/src/components/FirefighterItem.tsx:96","secondary",""
"FirefighterItem","spacing","margin","mb-4","/Users/griffin/Projects/firefighterHub/src/components/FirefighterItem.tsx:97","secondary",""
"FirefighterItem","spacing","padding","p-2","/Users/griffin/Projects/firefighterHub/src/components/FirefighterItem.tsx:99","secondary",""
"FirefighterItem","spacing","margin","mr-2","/Users/griffin/Projects/firefighterHub/src/components/FirefighterItem.tsx:99","secondary",""
"FirefighterItem","spacing","padding","p-2","/Users/griffin/Projects/firefighterHub/src/components/FirefighterItem.tsx:108","secondary",""
"FirefighterItem","spacing","margin","mb-2","/Users/griffin/Projects/firefighterHub/src/components/FirefighterItem.tsx:108","secondary",""
"FirefighterItem","spacing","padding","p-2","/Users/griffin/Projects/firefighterHub/src/components/FirefighterItem.tsx:125","secondary",""
"FirefighterItem","text","fontSize","text-xs","/Users/griffin/Projects/firefighterHub/src/components/FirefighterItem.tsx:131","tertiary",""
"FirefighterItem","text","fontSize","text-xs","/Users/griffin/Projects/firefighterHub/src/components/FirefighterItem.tsx:139","tertiary",""
"FirefighterItem","text","fontSize","text-xs","/Users/griffin/Projects/firefighterHub/src/components/FirefighterItem.tsx:140","tertiary",""
"FirefighterItem","spacing","padding","p-2","/Users/griffin/Projects/firefighterHub/src/components/FirefighterItem.tsx:155","secondary",""
"FirefighterItem","text","fontSize","text-xs","/Users/griffin/Projects/firefighterHub/src/components/FirefighterItem.tsx:160","tertiary",""
"FirefighterItem","text","fontSize","text-xs","/Users/griffin/Projects/firefighterHub/src/components/FirefighterItem.tsx:167","tertiary",""
"FirefighterItem","text","fontSize","text-xs","/Users/griffin/Projects/firefighterHub/src/components/FirefighterItem.tsx:174","tertiary",""
"FirefighterItem","text","fontSize","text-xs","/Users/griffin/Projects/firefighterHub/src/components/FirefighterItem.tsx:191","tertiary",""
"FirefighterItem","spacing","padding","p-2","/Users/griffin/Projects/firefighterHub/src/components/FirefighterItem.tsx:212","secondary",""
"FirefighterItem","spacing","padding","p-3","/Users/griffin/Projects/firefighterHub/src/components/FirefighterItem.tsx:288","secondary",""
"FirefighterList","spacing","padding","px-6","/Users/griffin/Projects/firefighterHub/src/components/FirefighterList.tsx:260","secondary",""
"FirefighterList","spacing","padding","pb-6","/Users/griffin/Projects/firefighterHub/src/components/FirefighterList.tsx:260","secondary",""
"FirefighterList","spacing","margin","mx-6","/Users/griffin/Projects/firefighterHub/src/components/FirefighterList.tsx:291","secondary",""
"FirefighterList","spacing","padding","p-1","/Users/griffin/Projects/firefighterHub/src/components/FirefighterList.tsx:314","secondary",""
"FirefighterList","color","bg","bg-gray-700","/Users/griffin/Projects/firefighterHub/src/components/FirefighterList.tsx:314","tertiary",""
"FirefighterList","touchTarget","height","h-5","/Users/griffin/Projects/firefighterHub/src/components/FirefighterList.tsx:324","primary",""
"FirefighterList","touchTarget","height","h-5","/Users/griffin/Projects/firefighterHub/src/components/FirefighterList.tsx:326","primary",""
"FirefighterList","spacing","padding","p-2","/Users/griffin/Projects/firefighterHub/src/components/FirefighterList.tsx:336","secondary",""
"FirefighterList","spacing","padding","px-4","/Users/griffin/Projects/firefighterHub/src/components/FirefighterList.tsx:462","secondary",""
"FirefighterList","spacing","padding","py-2","/Users/griffin/Projects/firefighterHub/src/components/FirefighterList.tsx:462","secondary",""
"FirefighterList","spacing","padding","p-2","/Users/griffin/Projects/firefighterHub/src/components/FirefighterList.tsx:502","secondary",""
"FirefighterList","text","fontSize","text-base","/Users/griffin/Projects/firefighterHub/src/components/FirefighterList.tsx:515","secondary",""
"FirefighterList","spacing","padding","px-1","/Users/griffin/Projects/firefighterHub/src/components/FirefighterList.tsx:515","secondary",""
"FirefighterList","spacing","padding","px-4","/Users/griffin/Projects/firefighterHub/src/components/FirefighterList.tsx:590","secondary",""
"FirefighterList","spacing","padding","py-4","/Users/griffin/Projects/firefighterHub/src/components/FirefighterList.tsx:590","secondary",""
"FirefighterList","spacing","padding","p-1","/Users/griffin/Projects/firefighterHub/src/components/FirefighterList.tsx:592","secondary",""
"FirefighterList","text","fontSize","text-xs","/Users/griffin/Projects/firefighterHub/src/components/FirefighterList.tsx:596","tertiary",""
"FirefighterList","spacing","padding","px-1","/Users/griffin/Projects/firefighterHub/src/components/FirefighterList.tsx:596","secondary",""
"FirefighterList","spacing","padding","py-0","/Users/griffin/Projects/firefighterHub/src/components/FirefighterList.tsx:596","secondary",""
"FirefighterList","spacing","padding","p-2","/Users/griffin/Projects/firefighterHub/src/components/FirefighterList.tsx:618","secondary",""
"FirefighterList","spacing","padding","px-4","/Users/griffin/Projects/firefighterHub/src/components/FirefighterList.tsx:654","secondary",""
"FirefighterList","spacing","padding","py-2","/Users/griffin/Projects/firefighterHub/src/components/FirefighterList.tsx:654","secondary",""
"FirefighterList","spacing","padding","p-1","/Users/griffin/Projects/firefighterHub/src/components/FirefighterList.tsx:655","secondary",""
"FirefighterList","spacing","padding","p-2","/Users/griffin/Projects/firefighterHub/src/components/FirefighterList.tsx:656","secondary",""
"FirefighterList","spacing","padding","px-1","/Users/griffin/Projects/firefighterHub/src/components/FirefighterList.tsx:663","secondary",""
"FirefighterList","spacing","padding","py-0","/Users/griffin/Projects/firefighterHub/src/components/FirefighterList.tsx:663","secondary",""
"FirefighterList","color","bg","bg-amber-900","/Users/griffin/Projects/firefighterHub/src/components/FirefighterList.tsx:663","tertiary",""
"FirefighterList","color","text","text-amber-200","/Users/griffin/Projects/firefighterHub/src/components/FirefighterList.tsx:663","tertiary",""
"FirefighterList","spacing","padding","px-4","/Users/griffin/Projects/firefighterHub/src/components/FirefighterList.tsx:672","secondary",""
"FirefighterList","spacing","padding","py-2","/Users/griffin/Projects/firefighterHub/src/components/FirefighterList.tsx:672","secondary",""
"FirefighterList","spacing","padding","p-1","/Users/griffin/Projects/firefighterHub/src/components/FirefighterList.tsx:673","secondary",""
"FirefighterList","spacing","margin","mt-6","/Users/griffin/Projects/firefighterHub/src/components/FirefighterList.tsx:731","secondary",""
"FirefighterList","spacing","padding","pt-6","/Users/griffin/Projects/firefighterHub/src/components/FirefighterList.tsx:731","secondary",""
"FirefighterList","color","border","border-gray-700","/Users/griffin/Projects/firefighterHub/src/components/FirefighterList.tsx:731","tertiary",""
"FirefighterList","spacing","padding","p-3","/Users/griffin/Projects/firefighterHub/src/components/FirefighterList.tsx:750","secondary",""
"FirefighterList","spacing","padding","p-2","/Users/griffin/Projects/firefighterHub/src/components/FirefighterList.tsx:781","secondary",""
"FirefighterList","","","","","",⚠️ Touch target below WCAG 44px: h-5 at /Users/griffin/Projects/firefighterHub/src/components/FirefighterList.tsx:324"
"FirefighterList","","","","","",⚠️ Touch target below WCAG 44px: h-5 at /Users/griffin/Projects/firefighterHub/src/components/FirefighterList.tsx:326"
"FirefighterProfileModal","spacing","margin","mb-6","/Users/griffin/Projects/firefighterHub/src/components/FirefighterProfileModal.tsx:469","secondary",""
"FirefighterProfileModal","touchTarget","height","h-4","/Users/griffin/Projects/firefighterHub/src/components/FirefighterProfileModal.tsx:498","primary",""
"FirefighterProfileModal","color","border","border-gray-600","/Users/griffin/Projects/firefighterHub/src/components/FirefighterProfileModal.tsx:498","tertiary",""
"FirefighterProfileModal","color","bg","bg-gray-700","/Users/griffin/Projects/firefighterHub/src/components/FirefighterProfileModal.tsx:498","tertiary",""
"FirefighterProfileModal","color","text","text-amber-500","/Users/griffin/Projects/firefighterHub/src/components/FirefighterProfileModal.tsx:498","tertiary",""
"FirefighterProfileModal","touchTarget","height","h-4","/Users/griffin/Projects/firefighterHub/src/components/FirefighterProfileModal.tsx:518","primary",""
"FirefighterProfileModal","color","border","border-gray-600","/Users/griffin/Projects/firefighterHub/src/components/FirefighterProfileModal.tsx:518","tertiary",""
"FirefighterProfileModal","color","bg","bg-gray-700","/Users/griffin/Projects/firefighterHub/src/components/FirefighterProfileModal.tsx:518","tertiary",""
"FirefighterProfileModal","color","text","text-emerald-500","/Users/griffin/Projects/firefighterHub/src/components/FirefighterProfileModal.tsx:518","tertiary",""
"FirefighterProfileModal","touchTarget","height","h-4","/Users/griffin/Projects/firefighterHub/src/components/FirefighterProfileModal.tsx:538","primary",""
"FirefighterProfileModal","color","border","border-gray-600","/Users/griffin/Projects/firefighterHub/src/components/FirefighterProfileModal.tsx:538","tertiary",""
"FirefighterProfileModal","color","bg","bg-gray-700","/Users/griffin/Projects/firefighterHub/src/components/FirefighterProfileModal.tsx:538","tertiary",""
"FirefighterProfileModal","spacing","margin","mb-6","/Users/griffin/Projects/firefighterHub/src/components/FirefighterProfileModal.tsx:575","secondary",""
"FirefighterProfileModal","touchTarget","height","h-4","/Users/griffin/Projects/firefighterHub/src/components/FirefighterProfileModal.tsx:608","primary",""
"FirefighterProfileModal","color","border","border-gray-600","/Users/griffin/Projects/firefighterHub/src/components/FirefighterProfileModal.tsx:608","tertiary",""
"FirefighterProfileModal","color","bg","bg-gray-700","/Users/griffin/Projects/firefighterHub/src/components/FirefighterProfileModal.tsx:608","tertiary",""
"FirefighterProfileModal","spacing","margin","mt-3","/Users/griffin/Projects/firefighterHub/src/components/FirefighterProfileModal.tsx:798","secondary",""
"FirefighterProfileModal","spacing","padding","p-4","/Users/griffin/Projects/firefighterHub/src/components/FirefighterProfileModal.tsx:798","secondary",""
"FirefighterProfileModal","color","bg","bg-gray-900","/Users/griffin/Projects/firefighterHub/src/components/FirefighterProfileModal.tsx:798","tertiary",""
"FirefighterProfileModal","color","border","border-gray-700","/Users/griffin/Projects/firefighterHub/src/components/FirefighterProfileModal.tsx:798","tertiary",""
"FirefighterProfileModal","text","fontSize","text-sm","/Users/griffin/Projects/firefighterHub/src/components/FirefighterProfileModal.tsx:799","tertiary",""
"FirefighterProfileModal","color","text","text-gray-400","/Users/griffin/Projects/firefighterHub/src/components/FirefighterProfileModal.tsx:799","tertiary",""
"FirefighterProfileModal","spacing","padding","p-4","/Users/griffin/Projects/firefighterHub/src/components/FirefighterProfileModal.tsx:812","secondary",""
"FirefighterProfileModal","spacing","padding","p-5","/Users/griffin/Projects/firefighterHub/src/components/FirefighterProfileModal.tsx:838","secondary",""
"FirefighterProfileModal","","","","","",⚠️ Touch target below WCAG 44px: h-4 at /Users/griffin/Projects/firefighterHub/src/components/FirefighterProfileModal.tsx:498"
"FirefighterProfileModal","","","","","",⚠️ Touch target below WCAG 44px: h-4 at /Users/griffin/Projects/firefighterHub/src/components/FirefighterProfileModal.tsx:518"
"FirefighterProfileModal","","","","","",⚠️ Touch target below WCAG 44px: h-4 at /Users/griffin/Projects/firefighterHub/src/components/FirefighterProfileModal.tsx:538"
"FirefighterProfileModal","","","","","",⚠️ Touch target below WCAG 44px: h-4 at /Users/griffin/Projects/firefighterHub/src/components/FirefighterProfileModal.tsx:608"
"FirefightersModal","spacing","padding","py-12","/Users/griffin/Projects/firefighterHub/src/components/FirefightersModal.tsx:252","secondary",""
"FirefightersModal","spacing","padding","py-12","/Users/griffin/Projects/firefighterHub/src/components/FirefightersModal.tsx:266","secondary",""
"FirefightersModal","spacing","margin","mb-4","/Users/griffin/Projects/firefighterHub/src/components/FirefightersModal.tsx:289","secondary",""
"FirefightersModal","touchTarget","height","h-4","/Users/griffin/Projects/firefighterHub/src/components/FirefightersModal.tsx:435","primary",""
"FirefightersModal","color","border","border-gray-600","/Users/griffin/Projects/firefighterHub/src/components/FirefightersModal.tsx:435","tertiary",""
"FirefightersModal","color","bg","bg-gray-800","/Users/griffin/Projects/firefighterHub/src/components/FirefightersModal.tsx:435","tertiary",""
"FirefightersModal","color","text","text-blue-600","/Users/griffin/Projects/firefighterHub/src/components/FirefightersModal.tsx:435","tertiary",""
"FirefightersModal","touchTarget","height","h-4","/Users/griffin/Projects/firefighterHub/src/components/FirefightersModal.tsx:469","primary",""
"FirefightersModal","color","border","border-amber-600","/Users/griffin/Projects/firefighterHub/src/components/FirefightersModal.tsx:469","tertiary",""
"FirefightersModal","color","bg","bg-gray-800","/Users/griffin/Projects/firefighterHub/src/components/FirefightersModal.tsx:469","tertiary",""
"FirefightersModal","color","text","text-amber-600","/Users/griffin/Projects/firefighterHub/src/components/FirefightersModal.tsx:469","tertiary",""
"FirefightersModal","touchTarget","height","h-4","/Users/griffin/Projects/firefighterHub/src/components/FirefightersModal.tsx:490","primary",""
"FirefightersModal","color","border","border-emerald-600","/Users/griffin/Projects/firefighterHub/src/components/FirefightersModal.tsx:490","tertiary",""
"FirefightersModal","color","bg","bg-gray-800","/Users/griffin/Projects/firefighterHub/src/components/FirefightersModal.tsx:490","tertiary",""
"FirefightersModal","color","text","text-emerald-600","/Users/griffin/Projects/firefighterHub/src/components/FirefightersModal.tsx:490","tertiary",""
"FirefightersModal","touchTarget","height","h-4","/Users/griffin/Projects/firefighterHub/src/components/FirefightersModal.tsx:511","primary",""
"FirefightersModal","color","bg","bg-gray-800","/Users/griffin/Projects/firefighterHub/src/components/FirefightersModal.tsx:511","tertiary",""
"FirefightersModal","spacing","margin","mb-4","/Users/griffin/Projects/firefighterHub/src/components/FirefightersModal.tsx:524","secondary",""
"FirefightersModal","spacing","margin","mb-4","/Users/griffin/Projects/firefighterHub/src/components/FirefightersModal.tsx:573","secondary",""
"FirefightersModal","","","","","",⚠️ Touch target below WCAG 44px: h-4 at /Users/griffin/Projects/firefighterHub/src/components/FirefightersModal.tsx:435"
"FirefightersModal","","","","","",⚠️ Touch target below WCAG 44px: h-4 at /Users/griffin/Projects/firefighterHub/src/components/FirefightersModal.tsx:469"
"FirefightersModal","","","","","",⚠️ Touch target below WCAG 44px: h-4 at /Users/griffin/Projects/firefighterHub/src/components/FirefightersModal.tsx:490"
"FirefightersModal","","","","","",⚠️ Touch target below WCAG 44px: h-4 at /Users/griffin/Projects/firefighterHub/src/components/FirefightersModal.tsx:511"
"Header","spacing","padding","p-4","/Users/griffin/Projects/firefighterHub/src/components/Header.tsx:64","secondary",""
"Header","touchTarget","height","h-[72px]","/Users/griffin/Projects/firefighterHub/src/components/Header.tsx:69","secondary",""
"Header","touchTarget","height","h-[88px]","/Users/griffin/Projects/firefighterHub/src/components/Header.tsx:69","secondary",""
"Header","spacing","padding","p-3","/Users/griffin/Projects/firefighterHub/src/components/Header.tsx:104","secondary",""
"Header","spacing","padding","p-3","/Users/griffin/Projects/firefighterHub/src/components/Header.tsx:106","secondary",""
"Header","spacing","padding","p-2","/Users/griffin/Projects/firefighterHub/src/components/Header.tsx:110","secondary",""
"Header","text","fontSize","text-xs","/Users/griffin/Projects/firefighterHub/src/components/Header.tsx:136","tertiary",""
"Header","text","fontSize","text-xs","/Users/griffin/Projects/firefighterHub/src/components/Header.tsx:148","tertiary",""
"Header","text","fontSize","text-xs","/Users/griffin/Projects/firefighterHub/src/components/Header.tsx:162","tertiary",""
"Header","text","fontSize","text-xs","/Users/griffin/Projects/firefighterHub/src/components/Header.tsx:178","tertiary",""
"Header","text","fontSize","text-xs","/Users/griffin/Projects/firefighterHub/src/components/Header.tsx:192","tertiary",""
"Header","text","fontSize","text-xs","/Users/griffin/Projects/firefighterHub/src/components/Header.tsx:205","tertiary",""
"Header","spacing","padding","p-2","/Users/griffin/Projects/firefighterHub/src/components/Header.tsx:225","secondary",""
"Header","spacing","margin","mt-3","/Users/griffin/Projects/firefighterHub/src/components/Header.tsx:225","secondary",""
"Header","spacing","padding","pt-3","/Users/griffin/Projects/firefighterHub/src/components/Header.tsx:225","secondary",""
"Header","text","fontSize","text-sm","/Users/griffin/Projects/firefighterHub/src/components/Header.tsx:231","tertiary",""
"HelpModal","spacing","padding","pb-8","/Users/griffin/Projects/firefighterHub/src/components/HelpModal.tsx:97","secondary",""
"KeyboardShortcutsModal","touchTarget","height","h-5","/Users/griffin/Projects/firefighterHub/src/components/KeyboardShortcutsModal.tsx:75","primary",""
"KeyboardShortcutsModal","spacing","margin","mb-6","/Users/griffin/Projects/firefighterHub/src/components/KeyboardShortcutsModal.tsx:89","secondary",""
"KeyboardShortcutsModal","spacing","margin","mb-6","/Users/griffin/Projects/firefighterHub/src/components/KeyboardShortcutsModal.tsx:105","secondary",""
"KeyboardShortcutsModal","spacing","padding","py-2","/Users/griffin/Projects/firefighterHub/src/components/KeyboardShortcutsModal.tsx:159","secondary",""
"KeyboardShortcutsModal","","","","","",⚠️ Touch target below WCAG 44px: h-5 at /Users/griffin/Projects/firefighterHub/src/components/KeyboardShortcutsModal.tsx:75"
"ListView","spacing","padding","p-4","/Users/griffin/Projects/firefighterHub/src/components/ListView.tsx:160","secondary",""
"ListView","spacing","padding","p-3","/Users/griffin/Projects/firefighterHub/src/components/ListView.tsx:162","secondary",""
"ListView","spacing","margin","mb-3","/Users/griffin/Projects/firefighterHub/src/components/ListView.tsx:162","secondary",""
"ListView","text","fontSize","text-sm","/Users/griffin/Projects/firefighterHub/src/components/ListView.tsx:176","tertiary",""
"ListView","spacing","margin","mt-0","/Users/griffin/Projects/firefighterHub/src/components/ListView.tsx:176","secondary",""
"ListView","color","text","text-gray-400","/Users/griffin/Projects/firefighterHub/src/components/ListView.tsx:176","tertiary",""
"ListView","spacing","padding","p-2","/Users/griffin/Projects/firefighterHub/src/components/ListView.tsx:181","secondary",""
"ListView","spacing","margin","ml-8","/Users/griffin/Projects/firefighterHub/src/components/ListView.tsx:181","secondary",""
"ListView","spacing","padding","p-2","/Users/griffin/Projects/firefighterHub/src/components/ListView.tsx:182","secondary",""
"ListView","color","text","text-gray-400","/Users/griffin/Projects/firefighterHub/src/components/ListView.tsx:183","tertiary",""
"ListView","text","fontSize","text-lg","/Users/griffin/Projects/firefighterHub/src/components/ListView.tsx:184","tertiary",""
"ListView","spacing","padding","p-2","/Users/griffin/Projects/firefighterHub/src/components/ListView.tsx:190","secondary",""
"ListView","touchTarget","height","h-7","/Users/griffin/Projects/firefighterHub/src/components/ListView.tsx:191","primary",""
"ListView","text","fontSize","text-sm","/Users/griffin/Projects/firefighterHub/src/components/ListView.tsx:192","tertiary",""
"ListView","text","fontSize","text-lg","/Users/griffin/Projects/firefighterHub/src/components/ListView.tsx:197","tertiary",""
"ListView","spacing","padding","p-2","/Users/griffin/Projects/firefighterHub/src/components/ListView.tsx:203","secondary",""
"ListView","color","text","text-blue-400","/Users/griffin/Projects/firefighterHub/src/components/ListView.tsx:206","tertiary",""
"ListView","text","fontSize","text-sm","/Users/griffin/Projects/firefighterHub/src/components/ListView.tsx:207","tertiary",""
"ListView","color","text","text-blue-300","/Users/griffin/Projects/firefighterHub/src/components/ListView.tsx:207","tertiary",""
"ListView","color","text","text-green-400","/Users/griffin/Projects/firefighterHub/src/components/ListView.tsx:213","tertiary",""
"ListView","text","fontSize","text-sm","/Users/griffin/Projects/firefighterHub/src/components/ListView.tsx:214","tertiary",""
"ListView","color","text","text-green-300","/Users/griffin/Projects/firefighterHub/src/components/ListView.tsx:214","tertiary",""
"ListView","spacing","padding","p-2","/Users/griffin/Projects/firefighterHub/src/components/ListView.tsx:224","secondary",""
"ListView","spacing","margin","ml-4","/Users/griffin/Projects/firefighterHub/src/components/ListView.tsx:224","secondary",""
"ListView","spacing","padding","p-3","/Users/griffin/Projects/firefighterHub/src/components/ListView.tsx:226","secondary",""
"ListView","color","bg","bg-gray-900","/Users/griffin/Projects/firefighterHub/src/components/ListView.tsx:226","tertiary",""
"ListView","color","border","border-red-600","/Users/griffin/Projects/firefighterHub/src/components/ListView.tsx:226","tertiary",""
"ListView","text","fontSize","text-sm","/Users/griffin/Projects/firefighterHub/src/components/ListView.tsx:227","tertiary",""
"ListView","spacing","margin","mb-2","/Users/griffin/Projects/firefighterHub/src/components/ListView.tsx:227","secondary",""
"ListView","color","text","text-red-300","/Users/griffin/Projects/firefighterHub/src/components/ListView.tsx:227","tertiary",""
"ListView","spacing","padding","p-2","/Users/griffin/Projects/firefighterHub/src/components/ListView.tsx:230","secondary",""
"ListView","text","fontSize","text-sm","/Users/griffin/Projects/firefighterHub/src/components/ListView.tsx:233","tertiary",""
"ListView","spacing","padding","py-2","/Users/griffin/Projects/firefighterHub/src/components/ListView.tsx:233","secondary",""
"ListView","spacing","padding","px-3","/Users/griffin/Projects/firefighterHub/src/components/ListView.tsx:233","secondary",""
"ListView","color","bg","bg-red-600","/Users/griffin/Projects/firefighterHub/src/components/ListView.tsx:233","tertiary",""
"ListView","color","bg","bg-red-700","/Users/griffin/Projects/firefighterHub/src/components/ListView.tsx:233","tertiary",""
"ListView","text","fontSize","text-sm","/Users/griffin/Projects/firefighterHub/src/components/ListView.tsx:239","tertiary",""
"ListView","spacing","padding","py-2","/Users/griffin/Projects/firefighterHub/src/components/ListView.tsx:239","secondary",""
"ListView","spacing","padding","px-3","/Users/griffin/Projects/firefighterHub/src/components/ListView.tsx:239","secondary",""
"ListView","color","bg","bg-gray-700","/Users/griffin/Projects/firefighterHub/src/components/ListView.tsx:239","tertiary",""
"ListView","color","bg","bg-gray-600","/Users/griffin/Projects/firefighterHub/src/components/ListView.tsx:239","tertiary",""
"ListView","spacing","padding","px-4","/Users/griffin/Projects/firefighterHub/src/components/ListView.tsx:250","secondary",""
"ListView","spacing","padding","py-2","/Users/griffin/Projects/firefighterHub/src/components/ListView.tsx:250","secondary",""
"ListView","spacing","padding","p-2","/Users/griffin/Projects/firefighterHub/src/components/ListView.tsx:250","secondary",""
"ListView","color","bg","bg-emerald-600","/Users/griffin/Projects/firefighterHub/src/components/ListView.tsx:250","tertiary",""
"ListView","color","bg","bg-emerald-700","/Users/griffin/Projects/firefighterHub/src/components/ListView.tsx:250","tertiary",""
"ListView","spacing","padding","px-4","/Users/griffin/Projects/firefighterHub/src/components/ListView.tsx:260","secondary",""
"ListView","spacing","padding","py-2","/Users/griffin/Projects/firefighterHub/src/components/ListView.tsx:260","secondary",""
"ListView","spacing","padding","p-2","/Users/griffin/Projects/firefighterHub/src/components/ListView.tsx:260","secondary",""
"ListView","color","bg","bg-red-600","/Users/griffin/Projects/firefighterHub/src/components/ListView.tsx:260","tertiary",""
"ListView","color","bg","bg-red-700","/Users/griffin/Projects/firefighterHub/src/components/ListView.tsx:260","tertiary",""
"ListView","spacing","padding","p-8","/Users/griffin/Projects/firefighterHub/src/components/ListView.tsx:277","secondary",""
"ListView","color","border","border-gray-700","/Users/griffin/Projects/firefighterHub/src/components/ListView.tsx:277","tertiary",""
"ListView","spacing","padding","py-20","/Users/griffin/Projects/firefighterHub/src/components/ListView.tsx:278","secondary",""
"ListView","spacing","margin","mb-4","/Users/griffin/Projects/firefighterHub/src/components/ListView.tsx:279","secondary",""
"ListView","touchTarget","height","h-12","/Users/griffin/Projects/firefighterHub/src/components/ListView.tsx:279","secondary",""
"ListView","text","fontSize","text-lg","/Users/griffin/Projects/firefighterHub/src/components/ListView.tsx:280","tertiary",""
"ListView","color","text","text-gray-400","/Users/griffin/Projects/firefighterHub/src/components/ListView.tsx:280","tertiary",""
"ListView","color","border","border-gray-700","/Users/griffin/Projects/firefighterHub/src/components/ListView.tsx:287","tertiary",""
"ListView","spacing","padding","p-6","/Users/griffin/Projects/firefighterHub/src/components/ListView.tsx:288","secondary",""
"ListView","color","border","border-gray-700","/Users/griffin/Projects/firefighterHub/src/components/ListView.tsx:288","tertiary",""
"ListView","spacing","padding","p-4","/Users/griffin/Projects/firefighterHub/src/components/ListView.tsx:289","secondary",""
"ListView","spacing","padding","p-3","/Users/griffin/Projects/firefighterHub/src/components/ListView.tsx:290","secondary",""
"ListView","text","fontSize","text-base","/Users/griffin/Projects/firefighterHub/src/components/ListView.tsx:297","secondary",""
"ListView","color","text","text-gray-400","/Users/griffin/Projects/firefighterHub/src/components/ListView.tsx:297","tertiary",""
"ListView","spacing","padding","p-6","/Users/griffin/Projects/firefighterHub/src/components/ListView.tsx:304","secondary",""
"ListView","color","text","text-blue-400","/Users/griffin/Projects/firefighterHub/src/components/ListView.tsx:308","tertiary",""
"ListView","spacing","padding","py-12","/Users/griffin/Projects/firefighterHub/src/components/ListView.tsx:320","secondary",""
"ListView","spacing","margin","mb-4","/Users/griffin/Projects/firefighterHub/src/components/ListView.tsx:321","secondary",""
"ListView","color","text","text-gray-600","/Users/griffin/Projects/firefighterHub/src/components/ListView.tsx:321","tertiary",""
"ListView","text","fontSize","text-lg","/Users/griffin/Projects/firefighterHub/src/components/ListView.tsx:322","tertiary",""
"ListView","color","text","text-gray-400","/Users/griffin/Projects/firefighterHub/src/components/ListView.tsx:322","tertiary",""
"ListView","text","fontSize","text-sm","/Users/griffin/Projects/firefighterHub/src/components/ListView.tsx:325","tertiary",""
"ListView","spacing","margin","mt-2","/Users/griffin/Projects/firefighterHub/src/components/ListView.tsx:325","secondary",""
"ListView","color","text","text-gray-500","/Users/griffin/Projects/firefighterHub/src/components/ListView.tsx:325","tertiary",""
"ListView","color","text","text-green-400","/Users/griffin/Projects/firefighterHub/src/components/ListView.tsx:334","tertiary",""
"ListView","spacing","padding","pr-2","/Users/griffin/Projects/firefighterHub/src/components/ListView.tsx:337","secondary",""
"ListView","touchTarget","height","h-[600px]","/Users/griffin/Projects/firefighterHub/src/components/ListView.tsx:337","secondary",""
"ListView","","","","","",⚠️ Touch target below WCAG 44px: h-7 at /Users/griffin/Projects/firefighterHub/src/components/ListView.tsx:191"
"LoginModal","touchTarget","height","h-5","/Users/griffin/Projects/firefighterHub/src/components/LoginModal.tsx:173","primary",""
"LoginModal","","","","","",⚠️ Touch target below WCAG 44px: h-5 at /Users/griffin/Projects/firefighterHub/src/components/LoginModal.tsx:173"
"MobileNav","spacing","padding","p-1","/Users/griffin/Projects/firefighterHub/src/components/MobileNav.tsx:107","secondary",""
"MobileNav","spacing","margin","mt-1","/Users/griffin/Projects/firefighterHub/src/components/MobileNav.tsx:107","secondary",""
"MobileNav","spacing","padding","p-5","/Users/griffin/Projects/firefighterHub/src/components/MobileNav.tsx:135","secondary",""
"MobileNav","spacing","padding","py-4","/Users/griffin/Projects/firefighterHub/src/components/MobileNav.tsx:177","secondary",""
"MobileNav","spacing","padding","p-2","/Users/griffin/Projects/firefighterHub/src/components/MobileNav.tsx:177","secondary",""
"MobileNav","color","bg","bg-green-600","/Users/griffin/Projects/firefighterHub/src/components/MobileNav.tsx:177","tertiary",""
"MobileNav","color","bg","bg-green-700","/Users/griffin/Projects/firefighterHub/src/components/MobileNav.tsx:177","tertiary",""
"MobileNav","spacing","padding","p-3","/Users/griffin/Projects/firefighterHub/src/components/MobileNav.tsx:283","secondary",""
"MobileNav","color","text","text-amber-400","/Users/griffin/Projects/firefighterHub/src/components/MobileNav.tsx:285","tertiary",""
"MobileNav","color","text","text-slate-700","/Users/griffin/Projects/firefighterHub/src/components/MobileNav.tsx:287","tertiary",""
"MobileNav","spacing","padding","p-3","/Users/griffin/Projects/firefighterHub/src/components/MobileNav.tsx:327","secondary",""
"MobileNav","spacing","padding","p-3","/Users/griffin/Projects/firefighterHub/src/components/MobileNav.tsx:366","secondary",""
"MobileNav","spacing","padding","pt-4","/Users/griffin/Projects/firefighterHub/src/components/MobileNav.tsx:399","secondary",""
"NextUpBar","text","fontSize","text-xs","/Users/griffin/Projects/firefighterHub/src/components/NextUpBar.tsx:72","tertiary",""
"NextUpBar","text","fontSize","text-sm","/Users/griffin/Projects/firefighterHub/src/components/NextUpBar.tsx:120","tertiary",""
"NextUpBar","spacing","padding","p-2","/Users/griffin/Projects/firefighterHub/src/components/NextUpBar.tsx:150","secondary",""
"NextUpBar","spacing","margin","mb-2","/Users/griffin/Projects/firefighterHub/src/components/NextUpBar.tsx:150","secondary",""
"NextUpBar","spacing","padding","p-3","/Users/griffin/Projects/firefighterHub/src/components/NextUpBar.tsx:167","secondary",""
"NextUpBar","spacing","padding","p-3","/Users/griffin/Projects/firefighterHub/src/components/NextUpBar.tsx:178","secondary",""
"NextUpBar","spacing","margin","mx-4","/Users/griffin/Projects/firefighterHub/src/components/NextUpBar.tsx:178","secondary",""
"NextUpBar","spacing","padding","px-4","/Users/griffin/Projects/firefighterHub/src/components/NextUpBar.tsx:178","secondary",""
"NextUpBar","","","","","",⚠️ Inline styles found (1 instances) - consider using Tailwind classes"
"QuickAddFirefighterModal","touchTarget","height","h-4","/Users/griffin/Projects/firefighterHub/src/components/QuickAddFirefighterModal.tsx:333","primary",""
"QuickAddFirefighterModal","color","border","border-gray-600","/Users/griffin/Projects/firefighterHub/src/components/QuickAddFirefighterModal.tsx:333","tertiary",""
"QuickAddFirefighterModal","color","bg","bg-gray-800","/Users/griffin/Projects/firefighterHub/src/components/QuickAddFirefighterModal.tsx:333","tertiary",""
"QuickAddFirefighterModal","color","text","text-green-600","/Users/griffin/Projects/firefighterHub/src/components/QuickAddFirefighterModal.tsx:333","tertiary",""
"QuickAddFirefighterModal","touchTarget","height","h-4","/Users/griffin/Projects/firefighterHub/src/components/QuickAddFirefighterModal.tsx:351","primary",""
"QuickAddFirefighterModal","color","border","border-amber-600","/Users/griffin/Projects/firefighterHub/src/components/QuickAddFirefighterModal.tsx:351","tertiary",""
"QuickAddFirefighterModal","color","bg","bg-gray-800","/Users/griffin/Projects/firefighterHub/src/components/QuickAddFirefighterModal.tsx:351","tertiary",""
"QuickAddFirefighterModal","color","text","text-amber-600","/Users/griffin/Projects/firefighterHub/src/components/QuickAddFirefighterModal.tsx:351","tertiary",""
"QuickAddFirefighterModal","touchTarget","height","h-4","/Users/griffin/Projects/firefighterHub/src/components/QuickAddFirefighterModal.tsx:362","primary",""
"QuickAddFirefighterModal","color","border","border-emerald-600","/Users/griffin/Projects/firefighterHub/src/components/QuickAddFirefighterModal.tsx:362","tertiary",""
"QuickAddFirefighterModal","color","bg","bg-gray-800","/Users/griffin/Projects/firefighterHub/src/components/QuickAddFirefighterModal.tsx:362","tertiary",""
"QuickAddFirefighterModal","color","text","text-emerald-600","/Users/griffin/Projects/firefighterHub/src/components/QuickAddFirefighterModal.tsx:362","tertiary",""
"QuickAddFirefighterModal","touchTarget","height","h-4","/Users/griffin/Projects/firefighterHub/src/components/QuickAddFirefighterModal.tsx:373","primary",""
"QuickAddFirefighterModal","color","bg","bg-gray-800","/Users/griffin/Projects/firefighterHub/src/components/QuickAddFirefighterModal.tsx:373","tertiary",""
"QuickAddFirefighterModal","","","","","",⚠️ Touch target below WCAG 44px: h-4 at /Users/griffin/Projects/firefighterHub/src/components/QuickAddFirefighterModal.tsx:333"
"QuickAddFirefighterModal","","","","","",⚠️ Touch target below WCAG 44px: h-4 at /Users/griffin/Projects/firefighterHub/src/components/QuickAddFirefighterModal.tsx:351"
"QuickAddFirefighterModal","","","","","",⚠️ Touch target below WCAG 44px: h-4 at /Users/griffin/Projects/firefighterHub/src/components/QuickAddFirefighterModal.tsx:362"
"QuickAddFirefighterModal","","","","","",⚠️ Touch target below WCAG 44px: h-4 at /Users/griffin/Projects/firefighterHub/src/components/QuickAddFirefighterModal.tsx:373"
"Reports","spacing","padding","p-4","/Users/griffin/Projects/firefighterHub/src/components/Reports.tsx:271","secondary",""
"Reports","spacing","padding","p-4","/Users/griffin/Projects/firefighterHub/src/components/Reports.tsx:386","secondary",""
"Reports","spacing","margin","mb-6","/Users/griffin/Projects/firefighterHub/src/components/Reports.tsx:386","secondary",""
"Sidebar","spacing","padding","p-24","/Users/griffin/Projects/firefighterHub/src/components/Sidebar.tsx:128","secondary",""
"Sidebar","spacing","padding","py-4","/Users/griffin/Projects/firefighterHub/src/components/Sidebar.tsx:191","secondary",""
"Sidebar","spacing","padding","p-3","/Users/griffin/Projects/firefighterHub/src/components/Sidebar.tsx:230","secondary",""
"Sidebar","spacing","padding","p-3","/Users/griffin/Projects/firefighterHub/src/components/Sidebar.tsx:335","secondary",""
"Sidebar","spacing","padding","py-8","/Users/griffin/Projects/firefighterHub/src/components/Sidebar.tsx:515","secondary",""
"SkeletonLoader","spacing","margin","mb-2","/Users/griffin/Projects/firefighterHub/src/components/SkeletonLoader.tsx:35","secondary",""
"SkeletonLoader","touchTarget","height","h-7","/Users/griffin/Projects/firefighterHub/src/components/SkeletonLoader.tsx:35","primary",""
"SkeletonLoader","touchTarget","height","h-4","/Users/griffin/Projects/firefighterHub/src/components/SkeletonLoader.tsx:36","primary",""
"SkeletonLoader","touchTarget","height","h-9","/Users/griffin/Projects/firefighterHub/src/components/SkeletonLoader.tsx:44","primary",""
"SkeletonLoader","touchTarget","height","h-6","/Users/griffin/Projects/firefighterHub/src/components/SkeletonLoader.tsx:70","primary",""
"SkeletonLoader","touchTarget","height","h-6","/Users/griffin/Projects/firefighterHub/src/components/SkeletonLoader.tsx:71","primary",""
"SkeletonLoader","touchTarget","height","h-6","/Users/griffin/Projects/firefighterHub/src/components/SkeletonLoader.tsx:72","primary",""
"SkeletonLoader","touchTarget","height","h-7","/Users/griffin/Projects/firefighterHub/src/components/SkeletonLoader.tsx:90","primary",""
"SkeletonLoader","touchTarget","height","h-8","/Users/griffin/Projects/firefighterHub/src/components/SkeletonLoader.tsx:104","primary",""
"SkeletonLoader","spacing","margin","mb-2","/Users/griffin/Projects/firefighterHub/src/components/SkeletonLoader.tsx:106","secondary",""
"SkeletonLoader","touchTarget","height","h-6","/Users/griffin/Projects/firefighterHub/src/components/SkeletonLoader.tsx:106","primary",""
"SkeletonLoader","touchTarget","height","h-4","/Users/griffin/Projects/firefighterHub/src/components/SkeletonLoader.tsx:107","primary",""
"SkeletonLoader","spacing","margin","mb-4","/Users/griffin/Projects/firefighterHub/src/components/SkeletonLoader.tsx:128","secondary",""
"SkeletonLoader","touchTarget","height","h-6","/Users/griffin/Projects/firefighterHub/src/components/SkeletonLoader.tsx:128","primary",""
"SkeletonLoader","spacing","margin","mb-4","/Users/griffin/Projects/firefighterHub/src/components/SkeletonLoader.tsx:138","secondary",""
"SkeletonLoader","touchTarget","height","h-6","/Users/griffin/Projects/firefighterHub/src/components/SkeletonLoader.tsx:138","primary",""
"SkeletonLoader","spacing","margin","mb-2","/Users/griffin/Projects/firefighterHub/src/components/SkeletonLoader.tsx:143","secondary",""
"SkeletonLoader","touchTarget","height","h-4","/Users/griffin/Projects/firefighterHub/src/components/SkeletonLoader.tsx:143","primary",""
"SkeletonLoader","touchTarget","height","h-5","/Users/griffin/Projects/firefighterHub/src/components/SkeletonLoader.tsx:144","primary",""
"SkeletonLoader","touchTarget","height","h-8","/Users/griffin/Projects/firefighterHub/src/components/SkeletonLoader.tsx:146","primary",""
"SkeletonLoader","spacing","margin","mb-3","/Users/griffin/Projects/firefighterHub/src/components/SkeletonLoader.tsx:159","secondary",""
"SkeletonLoader","touchTarget","height","h-4","/Users/griffin/Projects/firefighterHub/src/components/SkeletonLoader.tsx:159","primary",""
"SkeletonLoader","spacing","margin","mb-2","/Users/griffin/Projects/firefighterHub/src/components/SkeletonLoader.tsx:160","secondary",""
"SkeletonLoader","touchTarget","height","h-8","/Users/griffin/Projects/firefighterHub/src/components/SkeletonLoader.tsx:160","primary",""
"SkeletonLoader","","","","","",⚠️ Touch target below WCAG 44px: h-7 at /Users/griffin/Projects/firefighterHub/src/components/SkeletonLoader.tsx:35"
"SkeletonLoader","","","","","",⚠️ Touch target below WCAG 44px: h-4 at /Users/griffin/Projects/firefighterHub/src/components/SkeletonLoader.tsx:36"
"SkeletonLoader","","","","","",⚠️ Touch target below WCAG 44px: h-9 at /Users/griffin/Projects/firefighterHub/src/components/SkeletonLoader.tsx:44"
"SkeletonLoader","","","","","",⚠️ Touch target below WCAG 44px: h-6 at /Users/griffin/Projects/firefighterHub/src/components/SkeletonLoader.tsx:70"
"SkeletonLoader","","","","","",⚠️ Touch target below WCAG 44px: h-6 at /Users/griffin/Projects/firefighterHub/src/components/SkeletonLoader.tsx:71"
"SkeletonLoader","","","","","",⚠️ Touch target below WCAG 44px: h-6 at /Users/griffin/Projects/firefighterHub/src/components/SkeletonLoader.tsx:72"
"SkeletonLoader","","","","","",⚠️ Touch target below WCAG 44px: h-7 at /Users/griffin/Projects/firefighterHub/src/components/SkeletonLoader.tsx:90"
"SkeletonLoader","","","","","",⚠️ Touch target below WCAG 44px: h-8 at /Users/griffin/Projects/firefighterHub/src/components/SkeletonLoader.tsx:104"
"SkeletonLoader","","","","","",⚠️ Touch target below WCAG 44px: h-6 at /Users/griffin/Projects/firefighterHub/src/components/SkeletonLoader.tsx:106"
"SkeletonLoader","","","","","",⚠️ Touch target below WCAG 44px: h-4 at /Users/griffin/Projects/firefighterHub/src/components/SkeletonLoader.tsx:107"
"SkeletonLoader","","","","","",⚠️ Touch target below WCAG 44px: h-6 at /Users/griffin/Projects/firefighterHub/src/components/SkeletonLoader.tsx:128"
"SkeletonLoader","","","","","",⚠️ Touch target below WCAG 44px: h-6 at /Users/griffin/Projects/firefighterHub/src/components/SkeletonLoader.tsx:138"
"SkeletonLoader","","","","","",⚠️ Touch target below WCAG 44px: h-4 at /Users/griffin/Projects/firefighterHub/src/components/SkeletonLoader.tsx:143"
"SkeletonLoader","","","","","",⚠️ Touch target below WCAG 44px: h-5 at /Users/griffin/Projects/firefighterHub/src/components/SkeletonLoader.tsx:144"
"SkeletonLoader","","","","","",⚠️ Touch target below WCAG 44px: h-8 at /Users/griffin/Projects/firefighterHub/src/components/SkeletonLoader.tsx:146"
"SkeletonLoader","","","","","",⚠️ Touch target below WCAG 44px: h-4 at /Users/griffin/Projects/firefighterHub/src/components/SkeletonLoader.tsx:159"
"SkeletonLoader","","","","","",⚠️ Touch target below WCAG 44px: h-8 at /Users/griffin/Projects/firefighterHub/src/components/SkeletonLoader.tsx:160"
"SkeletonLoader","","","","","",⚠️ Inline styles found (1 instances) - consider using Tailwind classes"
"StationSelector","spacing","padding","p-2","/Users/griffin/Projects/firefighterHub/src/components/StationSelector.tsx:26","secondary",""
"Toast","spacing","padding","p-3","/Users/griffin/Projects/firefighterHub/src/components/Toast.tsx:44","secondary",""
"Toast","spacing","margin","m-6","/Users/griffin/Projects/firefighterHub/src/components/Toast.tsx:68","secondary",""
"Toast","spacing","padding","p-3","/Users/griffin/Projects/firefighterHub/src/components/Toast.tsx:68","secondary",""
"Toast","spacing","margin","m-6","/Users/griffin/Projects/firefighterHub/src/components/Toast.tsx:97","secondary",""
"Tooltip.example","spacing","padding","p-2","/Users/griffin/Projects/firefighterHub/src/components/Tooltip.example.tsx:18","secondary",""
"Tooltip.example","color","bg","bg-red-900","/Users/griffin/Projects/firefighterHub/src/components/Tooltip.example.tsx:18","tertiary",""
"Tooltip.example","color","text","text-red-400","/Users/griffin/Projects/firefighterHub/src/components/Tooltip.example.tsx:18","tertiary",""
"Tooltip.example","text","fontSize","text-xs","/Users/griffin/Projects/firefighterHub/src/components/Tooltip.example.tsx:32","tertiary",""
"Tooltip.example","spacing","padding","px-2","/Users/griffin/Projects/firefighterHub/src/components/Tooltip.example.tsx:32","secondary",""
"Tooltip.example","spacing","padding","py-1","/Users/griffin/Projects/firefighterHub/src/components/Tooltip.example.tsx:32","secondary",""
"Tooltip.example","color","bg","bg-green-900","/Users/griffin/Projects/firefighterHub/src/components/Tooltip.example.tsx:32","tertiary",""
"Tooltip.example","color","text","text-green-100","/Users/griffin/Projects/firefighterHub/src/components/Tooltip.example.tsx:32","tertiary",""
"Tooltip.example","spacing","padding","px-4","/Users/griffin/Projects/firefighterHub/src/components/Tooltip.example.tsx:45","secondary",""
"Tooltip.example","spacing","padding","py-2","/Users/griffin/Projects/firefighterHub/src/components/Tooltip.example.tsx:45","secondary",""
"Tooltip.example","color","bg","bg-blue-600","/Users/griffin/Projects/firefighterHub/src/components/Tooltip.example.tsx:45","tertiary",""
"Tooltip.example","spacing","padding","p-2","/Users/griffin/Projects/firefighterHub/src/components/Tooltip.example.tsx:57","secondary",""
"Tooltip.example","spacing","padding","p-2","/Users/griffin/Projects/firefighterHub/src/components/Tooltip.example.tsx:59","secondary",""
"Tooltip.example","color","bg","bg-gray-700","/Users/griffin/Projects/firefighterHub/src/components/Tooltip.example.tsx:59","tertiary",""
"Tooltip.example","spacing","padding","p-2","/Users/griffin/Projects/firefighterHub/src/components/Tooltip.example.tsx:65","secondary",""
"Tooltip.example","color","bg","bg-yellow-900","/Users/griffin/Projects/firefighterHub/src/components/Tooltip.example.tsx:65","tertiary",""
"Tooltip.example","color","text","text-yellow-400","/Users/griffin/Projects/firefighterHub/src/components/Tooltip.example.tsx:65","tertiary",""
"Tooltip.example","spacing","padding","p-2","/Users/griffin/Projects/firefighterHub/src/components/Tooltip.example.tsx:71","secondary",""
"Tooltip.example","color","bg","bg-gray-700","/Users/griffin/Projects/firefighterHub/src/components/Tooltip.example.tsx:71","tertiary",""
"TransferShiftModal","spacing","padding","p-3","/Users/griffin/Projects/firefighterHub/src/components/TransferShiftModal.tsx:121","secondary",""
"UpdateNotification","spacing","margin","m-4","/Users/griffin/Projects/firefighterHub/src/components/UpdateNotification.tsx:77","secondary",""
"UpdateNotification","touchTarget","height","h-6","/Users/griffin/Projects/firefighterHub/src/components/UpdateNotification.tsx:80","primary",""
"UpdateNotification","touchTarget","height","h-4","/Users/griffin/Projects/firefighterHub/src/components/UpdateNotification.tsx:99","primary",""
"UpdateNotification","","","","","",⚠️ Touch target below WCAG 44px: h-6 at /Users/griffin/Projects/firefighterHub/src/components/UpdateNotification.tsx:80"
"UpdateNotification","","","","","",⚠️ Touch target below WCAG 44px: h-4 at /Users/griffin/Projects/firefighterHub/src/components/UpdateNotification.tsx:99"
"BigCalendar","","","","","",⚠️ Hardcoded colors found (3 instances) - should use design tokens"
"BigCalendar","","","","","",⚠️ Inline styles found (1 instances) - consider using Tailwind classes"
"CalendarGrid","spacing","padding","py-20","/Users/griffin/Projects/firefighterHub/src/components/calendar/CalendarGrid.tsx:49","secondary",""
"CalendarGrid","","","","","",⚠️ Inline styles found (1 instances) - consider using Tailwind classes"
"CalendarHeader","spacing","padding","p-2","/Users/griffin/Projects/firefighterHub/src/components/calendar/CalendarHeader.tsx:43","secondary",""
"CalendarHeader","spacing","padding","p-4","/Users/griffin/Projects/firefighterHub/src/components/calendar/CalendarHeader.tsx:43","secondary",""
"CalendarHeader","spacing","padding","p-2","/Users/griffin/Projects/firefighterHub/src/components/calendar/CalendarHeader.tsx:77","secondary",""
"CalendarHeader","spacing","padding","p-6","/Users/griffin/Projects/firefighterHub/src/components/calendar/CalendarHeader.tsx:77","secondary",""
"CalendarLegend","spacing","padding","p-2","/Users/griffin/Projects/firefighterHub/src/components/calendar/CalendarLegend.tsx:48","secondary",""
"DayCell","spacing","margin","mb-3","/Users/griffin/Projects/firefighterHub/src/components/calendar/DayCell.tsx:98","secondary",""
"DayCell","text","fontSize","text-xs","/Users/griffin/Projects/firefighterHub/src/components/calendar/DayCell.tsx:106","tertiary",""
"DayCell","touchTarget","height","h-6","/Users/griffin/Projects/firefighterHub/src/components/calendar/DayCell.tsx:106","primary",""
"DayCell","color","bg","bg-red-600","/Users/griffin/Projects/firefighterHub/src/components/calendar/DayCell.tsx:106","tertiary",""
"DayCell","text","fontSize","text-xs","/Users/griffin/Projects/firefighterHub/src/components/calendar/DayCell.tsx:121","tertiary",""
"DayCell","spacing","padding","px-2","/Users/griffin/Projects/firefighterHub/src/components/calendar/DayCell.tsx:121","secondary",""
"DayCell","spacing","padding","py-1","/Users/griffin/Projects/firefighterHub/src/components/calendar/DayCell.tsx:121","secondary",""
"DayCell","color","bg","bg-slate-700","/Users/griffin/Projects/firefighterHub/src/components/calendar/DayCell.tsx:121","tertiary",""
"DayCell","color","text","text-slate-100","/Users/griffin/Projects/firefighterHub/src/components/calendar/DayCell.tsx:121","tertiary",""
"DayCell","color","border","border-blue-500","/Users/griffin/Projects/firefighterHub/src/components/calendar/DayCell.tsx:121","tertiary",""
"DayCell","color","bg","bg-slate-600","/Users/griffin/Projects/firefighterHub/src/components/calendar/DayCell.tsx:121","tertiary",""
"DayCell","spacing","margin","ml-1","/Users/griffin/Projects/firefighterHub/src/components/calendar/DayCell.tsx:128","secondary",""
"DayCell","text","fontSize","text-xs","/Users/griffin/Projects/firefighterHub/src/components/calendar/DayCell.tsx:142","tertiary",""
"DayCell","spacing","padding","px-2","/Users/griffin/Projects/firefighterHub/src/components/calendar/DayCell.tsx:142","secondary",""
"DayCell","spacing","padding","py-1","/Users/griffin/Projects/firefighterHub/src/components/calendar/DayCell.tsx:142","secondary",""
"DayCell","color","bg","bg-slate-700","/Users/griffin/Projects/firefighterHub/src/components/calendar/DayCell.tsx:142","tertiary",""
"DayCell","color","text","text-slate-100","/Users/griffin/Projects/firefighterHub/src/components/calendar/DayCell.tsx:142","tertiary",""
"DayCell","color","border","border-blue-500","/Users/griffin/Projects/firefighterHub/src/components/calendar/DayCell.tsx:142","tertiary",""
"DayCell","color","bg","bg-slate-600","/Users/griffin/Projects/firefighterHub/src/components/calendar/DayCell.tsx:142","tertiary",""
"DayCell","spacing","margin","ml-1","/Users/griffin/Projects/firefighterHub/src/components/calendar/DayCell.tsx:149","secondary",""
"DayCell","text","fontSize","text-xs","/Users/griffin/Projects/firefighterHub/src/components/calendar/DayCell.tsx:159","tertiary",""
"DayCell","spacing","padding","px-2","/Users/griffin/Projects/firefighterHub/src/components/calendar/DayCell.tsx:159","secondary",""
"DayCell","color","text","text-gray-500","/Users/griffin/Projects/firefighterHub/src/components/calendar/DayCell.tsx:159","tertiary",""
"DayCell","","","","","",⚠️ Touch target below WCAG 44px: h-6 at /Users/griffin/Projects/firefighterHub/src/components/calendar/DayCell.tsx:106"
"HoldForm","text","fontSize","text-xl","/Users/griffin/Projects/firefighterHub/src/components/calendar/HoldForm.tsx:103","primary",""
"HoldForm","spacing","padding","p-2","/Users/griffin/Projects/firefighterHub/src/components/calendar/HoldForm.tsx:266","secondary",""
"HoldForm","touchTarget","height","h-4","/Users/griffin/Projects/firefighterHub/src/components/calendar/HoldForm.tsx:271","primary",""
"HoldForm","color","border","border-gray-600","/Users/griffin/Projects/firefighterHub/src/components/calendar/HoldForm.tsx:271","tertiary",""
"HoldForm","","","","","",⚠️ Touch target below WCAG 44px: h-4 at /Users/griffin/Projects/firefighterHub/src/components/calendar/HoldForm.tsx:271"
"HoldList","spacing","padding","p-2","/Users/griffin/Projects/firefighterHub/src/components/calendar/HoldList.tsx:139","secondary",""
"HoldList","spacing","margin","mt-2","/Users/griffin/Projects/firefighterHub/src/components/calendar/HoldList.tsx:139","secondary",""
"MaterialMCalendar","spacing","margin","m-1","/Users/griffin/Projects/firefighterHub/src/components/calendar/MaterialMCalendar.tsx:67","secondary",""
"MaterialMCalendar","spacing","padding","p-0","/Users/griffin/Projects/firefighterHub/src/components/calendar/MaterialMCalendar.tsx:67","secondary",""
"MaterialMCalendar","touchTarget","height","h-1","/Users/griffin/Projects/firefighterHub/src/components/calendar/MaterialMCalendar.tsx:71","primary",""
"MaterialMCalendar","spacing","padding","p-6","/Users/griffin/Projects/firefighterHub/src/components/calendar/MaterialMCalendar.tsx:81","secondary",""
"MaterialMCalendar","touchTarget","height","h-4","/Users/griffin/Projects/firefighterHub/src/components/calendar/MaterialMCalendar.tsx:145","primary",""
"MaterialMCalendar","touchTarget","height","h-4","/Users/griffin/Projects/firefighterHub/src/components/calendar/MaterialMCalendar.tsx:146","primary",""
"MaterialMCalendar","","","","","",⚠️ Touch target below WCAG 44px: h-1 at /Users/griffin/Projects/firefighterHub/src/components/calendar/MaterialMCalendar.tsx:71"
"MaterialMCalendar","","","","","",⚠️ Touch target below WCAG 44px: h-4 at /Users/griffin/Projects/firefighterHub/src/components/calendar/MaterialMCalendar.tsx:145"
"MaterialMCalendar","","","","","",⚠️ Touch target below WCAG 44px: h-4 at /Users/griffin/Projects/firefighterHub/src/components/calendar/MaterialMCalendar.tsx:146"
"BottomNav","","","","","",⚠️ Inline styles found (1 instances) - consider using Tailwind classes"
"BottomSheet","spacing","padding","pt-3","/Users/griffin/Projects/firefighterHub/src/components/mobile/BottomSheet.tsx:121","secondary",""
"BottomSheet","spacing","padding","pb-2","/Users/griffin/Projects/firefighterHub/src/components/mobile/BottomSheet.tsx:121","secondary",""
"BottomSheet","","","","","",⚠️ Inline styles found (1 instances) - consider using Tailwind classes"
"MobileWeekView","spacing","padding","px-2","/Users/griffin/Projects/firefighterHub/src/components/mobile/MobileWeekView.tsx:98","secondary",""
"MobileWeekView","spacing","padding","p-1","/Users/griffin/Projects/firefighterHub/src/components/mobile/MobileWeekView.tsx:143","secondary",""
"MobileWeekView","spacing","margin","mb-2","/Users/griffin/Projects/firefighterHub/src/components/mobile/MobileWeekView.tsx:143","secondary",""
"MobileWeekView","spacing","padding","p-1","/Users/griffin/Projects/firefighterHub/src/components/mobile/MobileWeekView.tsx:160","secondary",""
"MobileWeekView","spacing","padding","p-0","/Users/griffin/Projects/firefighterHub/src/components/mobile/MobileWeekView.tsx:211","secondary",""
"MobileWeekView","spacing","margin","mt-1","/Users/griffin/Projects/firefighterHub/src/components/mobile/MobileWeekView.tsx:211","secondary",""
"SwipeableCard","spacing","padding","p-0","/Users/griffin/Projects/firefighterHub/src/components/mobile/SwipeableCard.tsx:71","secondary",""
"SwipeableCard","spacing","margin","m-0","/Users/griffin/Projects/firefighterHub/src/components/mobile/SwipeableCard.tsx:71","secondary",""
"SwipeableCard","text","fontSize","text-xs","/Users/griffin/Projects/firefighterHub/src/components/mobile/SwipeableCard.tsx:84","tertiary",""
"SwipeableCard","text","fontSize","text-xs","/Users/griffin/Projects/firefighterHub/src/components/mobile/SwipeableCard.tsx:99","tertiary",""
"SwipeableCard","text","fontSize","text-xs","/Users/griffin/Projects/firefighterHub/src/components/mobile/SwipeableCard.tsx:113","tertiary",""
"BulkActions","spacing","padding","p-3","/Users/griffin/Projects/firefighterHub/src/components/roster/BulkActions.tsx:56","secondary",""
"BulkActions","spacing","padding","p-3","/Users/griffin/Projects/firefighterHub/src/components/roster/BulkActions.tsx:58","secondary",""
"BulkActions","spacing","padding","p-2","/Users/griffin/Projects/firefighterHub/src/components/roster/BulkActions.tsx:90","secondary",""
"ExportMenu","touchTarget","height","h-4","/Users/griffin/Projects/firefighterHub/src/components/roster/ExportMenu.tsx:61","primary",""
"ExportMenu","touchTarget","height","h-4","/Users/griffin/Projects/firefighterHub/src/components/roster/ExportMenu.tsx:89","primary",""
"ExportMenu","touchTarget","height","h-4","/Users/griffin/Projects/firefighterHub/src/components/roster/ExportMenu.tsx:105","primary",""
"ExportMenu","","","","","",⚠️ Touch target below WCAG 44px: h-4 at /Users/griffin/Projects/firefighterHub/src/components/roster/ExportMenu.tsx:61"
"ExportMenu","","","","","",⚠️ Touch target below WCAG 44px: h-4 at /Users/griffin/Projects/firefighterHub/src/components/roster/ExportMenu.tsx:89"
"ExportMenu","","","","","",⚠️ Touch target below WCAG 44px: h-4 at /Users/griffin/Projects/firefighterHub/src/components/roster/ExportMenu.tsx:105"
"RosterHeader","spacing","padding","p-4","/Users/griffin/Projects/firefighterHub/src/components/roster/RosterHeader.tsx:59","secondary",""
"RosterHeader","spacing","padding","p-2","/Users/griffin/Projects/firefighterHub/src/components/roster/RosterHeader.tsx:92","secondary",""
"RosterHeader","touchTarget","height","h-5","/Users/griffin/Projects/firefighterHub/src/components/roster/RosterHeader.tsx:106","primary",""
"RosterHeader","touchTarget","height","h-4","/Users/griffin/Projects/firefighterHub/src/components/roster/RosterHeader.tsx:124","primary",""
"RosterHeader","touchTarget","height","h-4","/Users/griffin/Projects/firefighterHub/src/components/roster/RosterHeader.tsx:143","primary",""
"RosterHeader","","","","","",⚠️ Touch target below WCAG 44px: h-5 at /Users/griffin/Projects/firefighterHub/src/components/roster/RosterHeader.tsx:106"
"RosterHeader","","","","","",⚠️ Touch target below WCAG 44px: h-4 at /Users/griffin/Projects/firefighterHub/src/components/roster/RosterHeader.tsx:124"
"RosterHeader","","","","","",⚠️ Touch target below WCAG 44px: h-4 at /Users/griffin/Projects/firefighterHub/src/components/roster/RosterHeader.tsx:143"
